Workbook

Sheet Per-Request Data
A1: Test # | B1: Provider | C1: Language | D1: Query | E1: Latency (s) | F1: HTTP status | G1: Reply language | H1: Sources shown | I1: Reply length (chars) | K1: Provider | L1: Language | M1: n | N1: Mean (s) | O1: Median (s) | P1: 95th percentile (s) | Q1: Min (s) | R1: Max (s) | S1: Mean < 8s (N1)
A2: 1 | B2: Claude Haiku 4.5 (primary) | C2: English | D2: Where is the SA1 campus? | E2: 1.832 | F2: 200 | G2: English | H2: 2 | I2: 506 | K2: Claude Haiku 4.5 | L2: English | M2: =COUNT('Per-Request Data'!$E$2:$E$16) -> 15 | N2: =AVERAGE('Per-Request Data'!$E$2:$E$16) -> 2.1975333 | O2: =MEDIAN('Per-Request Data'!$E$2:$E$16) -> 2.08 | P2: =PERCENTILE('Per-Request Data'!$E$2:$E$16,0.95) -> 3.4582 | Q2: =MIN('Per-Request Data'!$E$2:$E$16) -> 1.211 | R2: =MAX('Per-Request Data'!$E$2:$E$16) -> 4.665 | S2: =IF(N2<8,"Met","Not met") -> Met
A3: 2 | B3: Claude Haiku 4.5 (primary) | C3: English | D3: How much are the tuition fees? | E3: 1.66 | F3: 200 | G3: English | H3: 3 | I3: 405 | K3: Claude Haiku 4.5 | L3: Welsh | M3: =COUNT('Per-Request Data'!$E$17:$E$31) -> 15 | N3: =AVERAGE('Per-Request Data'!$E$17:$E$31) -> 3.4323333 | O3: =MEDIAN('Per-Request Data'!$E$17:$E$31) -> 3.177 | P3: =PERCENTILE('Per-Request Data'!$E$17:$E$31,0.95) -> 5.687 | Q3: =MIN('Per-Request Data'!$E$17:$E$31) -> 1.738 | R3: =MAX('Per-Request Data'!$E$17:$E$31) -> 7.521 | S3: =IF(N3<8,"Met","Not met") -> Met
A4: 3 | B4: Claude Haiku 4.5 (primary) | C4: English | D4: How do I apply for accommodation? | E4: 2.65 | F4: 200 | G4: English | H4: 3 | I4: 821 | K4: Llama 3.1 8B (local) | L4: English | M4: =COUNT('Per-Request Data'!$E$32:$E$46) -> 15 | N4: =AVERAGE('Per-Request Data'!$E$32:$E$46) -> 3.5974 | O4: =MEDIAN('Per-Request Data'!$E$32:$E$46) -> 3.524 | P4: =PERCENTILE('Per-Request Data'!$E$32:$E$46,0.95) -> 4.2888 | Q4: =MIN('Per-Request Data'!$E$32:$E$46) -> 2.204 | R4: =MAX('Per-Request Data'!$E$32:$E$46) -> 4.496 | S4: =IF(N4<8,"Met","Not met") -> Met
A5: 4 | B5: Claude Haiku 4.5 (primary) | C5: English | D5: What are the library opening hours? | E5: 1.211 | F5: 200 | G5: English | H5: 1 | I5: 303 | K5: Llama 3.1 8B (local) | L5: Welsh | M5: =COUNT('Per-Request Data'!$E$47:$E$61) -> 15 | N5: =AVERAGE('Per-Request Data'!$E$47:$E$61) -> 8.5050667 | O5: =MEDIAN('Per-Request Data'!$E$47:$E$61) -> 7.763 | P5: =PERCENTILE('Per-Request Data'!$E$47:$E$61,0.95) -> 12.9947 | Q5: =MIN('Per-Request Data'!$E$47:$E$61) -> 5.488 | R5: =MAX('Per-Request Data'!$E$47:$E$61) -> 13.575 | S5: =IF(N5<8,"Met","Not met") -> Not met
A6: 5 | B6: Claude Haiku 4.5 (primary) | C6: English | D6: How do I apply to UWTSD? | E6: 2.941 | F6: 200 | G6: English | H6: 3 | I6: 587 | K6: Claude Haiku 4.5 | L6: Overall | M6: =COUNT('Per-Request Data'!$E$2:$E$31) -> 30 | N6: =AVERAGE('Per-Request Data'!$E$2:$E$31) -> 2.8149333 | O6: =MEDIAN('Per-Request Data'!$E$2:$E$31) -> 2.489 | P6: =PERCENTILE('Per-Request Data'!$E$2:$E$31,0.95) -> 4.8533 | Q6: =MIN('Per-Request Data'!$E$2:$E$31) -> 1.211 | R6: =MAX('Per-Request Data'!$E$2:$E$31) -> 7.521 | S6: =IF(N6<8,"Met","Not met") -> Met
A7: 6 | B7: Claude Haiku 4.5 (primary) | C7: English | D7: How do I apply for student finance? | E7: 2.141 | F7: 200 | G7: English | H7: 2 | I7: 731 | K7: Llama 3.1 8B (local) | L7: Overall | M7: =COUNT('Per-Request Data'!$E$32:$E$61) -> 30 | N7: =AVERAGE('Per-Request Data'!$E$32:$E$61) -> 6.0512333 | O7: =MEDIAN('Per-Request Data'!$E$32:$E$61) -> 4.992 | P7: =PERCENTILE('Per-Request Data'!$E$32:$E$61,0.95) -> 11.59265 | Q7: =MIN('Per-Request Data'!$E$32:$E$61) -> 2.204 | R7: =MAX('Per-Request Data'!$E$32:$E$61) -> 13.575 | S7: =IF(N7<8,"Met","Not met") -> Met
A8: 7 | B8: Claude Haiku 4.5 (primary) | C8: English | D8: When is graduation? | E8: 2.366 | F8: 200 | G8: English | H8: 2 | I8: 554
A9: 8 | B9: Claude Haiku 4.5 (primary) | C9: English | D9: How do I travel between campuses? | E9: 1.444 | F9: 200 | G9: English | H9: 3 | I9: 465
A10: 9 | B10: Claude Haiku 4.5 (primary) | C10: English | D10: What wellbeing support is available? | E10: 2.08 | F10: 200 | G10: English | H10: 2 | I10: 809
A11: 10 | B11: Claude Haiku 4.5 (primary) | C11: English | D11: What courses does the university offer? | E11: 2.172 | F11: 200 | G11: English | H11: 3 | I11: 634
A12: 11 | B12: Claude Haiku 4.5 (primary) | C12: English | D12: How do I contact my personal tutor? | E12: 1.983 | F12: 200 | G12: English | H12: 2 | I12: 318
A13: 12 | B13: Claude Haiku 4.5 (primary) | C13: English | D13: What can I do at the students' union? | E13: 4.665 | F13: 200 | G13: English | H13: 2 | I13: 1241
A14: 13 | B14: Claude Haiku 4.5 (primary) | C14: English | D14: How do I get IT support? | E14: 1.683 | F14: 200 | G14: English | H14: 3 | I14: 337
A15: 14 | B15: Claude Haiku 4.5 (primary) | C15: English | D15: What financial hardship support exists? | E15: 2.444 | F15: 200 | G15: English | H15: 2 | I15: 944
A16: 15 | B16: Claude Haiku 4.5 (primary) | C16: English | D16: How do I report extenuating circumstances? | E16: 1.691 | F16: 200 | G16: English | H16: 3 | I16: 512
A17: 16 | B17: Claude Haiku 4.5 (primary) | C17: Welsh | D17: Ble mae campws SA1? | E17: 1.933 | F17: 200 | G17: Welsh | H17: 2 | I17: 397
A18: 17 | B18: Claude Haiku 4.5 (primary) | C18: Welsh | D18: Faint yw'r ffioedd dysgu? | E18: 2.678 | F18: 200 | G18: Welsh | H18: 3 | I18: 399
A19: 18 | B19: Claude Haiku 4.5 (primary) | C19: Welsh | D19: Sut ydw i'n gwneud cais am lety? | E19: 3.438 | F19: 200 | G19: Welsh | H19: 3 | I19: 558
... A61: 60 | B61: Llama 3.1 8B Q5_K_M (fallback) | C61: Welsh | D61: Sut ydw i'n rhoi gwybod am amgylchiadau esgusodol? | E61: 8.845 | F61: 200 | G61: Welsh | H61: 3 | I61: 542
A63: Source: scripts/benchmark_latency.py run on 2026-08-09 against the local backend (localhost:3001). 30 requests per provider (15 English / 15 Welsh, paired phrasings). Timing spans the full /api/chat round trip; tunnel and network overhead excluded. Raw CSVs: benchmark_results/latency_per_query.csv and latency_ollama_per_query.csv.

Sheet Summary
A1: Provider | B1: Language | C1: n | D1: Mean (s) | E1: Median (s) | F1: 95th percentile (s) | G1: Min (s) | H1: Max (s) | I1: Mean < 8s (N1)
A2: Claude Haiku 4.5 | B2: English | C2: =COUNT('Per-Request Data'!$E$2:$E$16) -> 15 | D2: =AVERAGE('Per-Request Data'!$E$2:$E$16) -> 2.1975333 | E2: =MEDIAN('Per-Request Data'!$E$2:$E$16) -> 2.08 | F2: =PERCENTILE('Per-Request Data'!$E$2:$E$16,0.95) -> 3.4582 | G2: =MIN('Per-Request Data'!$E$2:$E$16) -> 1.211 | H2: =MAX('Per-Request Data'!$E$2:$E$16) -> 4.665 | I2: =IF(D2<8,"Met","Not met") -> Met
A3: Claude Haiku 4.5 | B3: Welsh | C3: =COUNT('Per-Request Data'!$E$17:$E$31) -> 15 | D3: =AVERAGE('Per-Request Data'!$E$17:$E$31) -> 3.4323333 | E3: =MEDIAN('Per-Request Data'!$E$17:$E$31) -> 3.177 | F3: =PERCENTILE('Per-Request Data'!$E$17:$E$31,0.95) -> 5.687 | G3: =MIN('Per-Request Data'!$E$17:$E$31) -> 1.738 | H3: =MAX('Per-Request Data'!$E$17:$E$31) -> 7.521 | I3: =IF(D3<8,"Met","Not met") -> Met
A4: Llama 3.1 8B (local) | B4: English | C4: =COUNT('Per-Request Data'!$E$32:$E$46) -> 15 | D4: =AVERAGE('Per-Request Data'!$E$32:$E$46) -> 3.5974 | E4: =MEDIAN('Per-Request Data'!$E$32:$E$46) -> 3.524 | F4: =PERCENTILE('Per-Request Data'!$E$32:$E$46,0.95) -> 4.2888 | G4: =MIN('Per-Request Data'!$E$32:$E$46) -> 2.204 | H4: =MAX('Per-Request Data'!$E$32:$E$46) -> 4.496 | I4: =IF(D4<8,"Met","Not met") -> Met
A5: Llama 3.1 8B (local) | B5: Welsh | C5: =COUNT('Per-Request Data'!$E$47:$E$61) -> 15 | D5: =AVERAGE('Per-Request Data'!$E$47:$E$61) -> 8.5050667 | E5: =MEDIAN('Per-Request Data'!$E$47:$E$61) -> 7.763 | F5: =PERCENTILE('Per-Request Data'!$E$47:$E$61,0.95) -> 12.9947 | G5: =MIN('Per-Request Data'!$E$47:$E$61) -> 5.488 | H5: =MAX('Per-Request Data'!$E$47:$E$61) -> 13.575 | I5: =IF(D5<8,"Met","Not met") -> Not met
A6: Claude Haiku 4.5 | B6: Overall | C6: =COUNT('Per-Request Data'!$E$2:$E$31) -> 30 | D6: =AVERAGE('Per-Request Data'!$E$2:$E$31) -> 2.8149333 | E6: =MEDIAN('Per-Request Data'!$E$2:$E$31) -> 2.489 | F6: =PERCENTILE('Per-Request Data'!$E$2:$E$31,0.95) -> 4.8533 | G6: =MIN('Per-Request Data'!$E$2:$E$31) -> 1.211 | H6: =MAX('Per-Request Data'!$E$2:$E$31) -> 7.521 | I6: =IF(D6<8,"Met","Not met") -> Met
A7: Llama 3.1 8B (local) | B7: Overall | C7: =COUNT('Per-Request Data'!$E$32:$E$61) -> 30 | D7: =AVERAGE('Per-Request Data'!$E$32:$E$61) -> 6.0512333 | E7: =MEDIAN('Per-Request Data'!$E$32:$E$61) -> 4.992 | F7: =PERCENTILE('Per-Request Data'!$E$32:$E$61,0.95) -> 11.59265 | G7: =MIN('Per-Request Data'!$E$32:$E$61) -> 2.204 | H7: =MAX('Per-Request Data'!$E$32:$E$61) -> 13.575 | I7: =IF(D7<8,"Met","Not met") -> Met
A9: N1 target (s): | B9: 8 | C9: Requirement N1: mean response latency below 8 seconds (Chapter 4, Table 4.1). User-editable input.
A11: Chart data (references Summary rows above)
A12: Group | B12: Mean (s) | C12: Median (s) | D12: 95th percentile (s) | E12: N1 target (s)
A13: =A2&" — "&B2 -> Claude Haiku 4.5 — English | B13: =D2 -> 2.1975333 | C13: =E2 -> 2.08 | D13: =F2 -> 3.4582 | E13: =$B$9 -> 8
A14: =A3&" — "&B3 -> Claude Haiku 4.5 — Welsh | B14: =D3 -> 3.4323333 | C14: =E3 -> 3.177 | D14: =F3 -> 5.687 | E14: =$B$9 -> 8
A15: =A4&" — "&B4 -> Llama 3.1 8B (local) — English | B15: =D4 -> 3.5974 | C15: =E4 -> 3.524 | D15: =F4 -> 4.2888 | E15: =$B$9 -> 8
A16: =A5&" — "&B5 -> Llama 3.1 8B (local) — Welsh | B16: =D5 -> 8.5050667 | C16: =E5 -> 7.763 | D16: =F5 -> 12.9947 | E16: =$B$9 -> 8

Sheet Chart Data
A1: English — Claude Haiku 4.5 Welsh — Claude Haiku 4.5 English — Llama 3.1 8B (local) Welsh — Llama 3.1 8B (local) | N1: CHART HELPER DATA (feeds the scatter box plot) — do not delete | Z1: whiskX | AA1: whiskY | AC1: boxX | AD1: boxY | AF1: medX | AG1: medY
A2: ='Per-Request Data'!$E$2 -> 1.832 | B2: ='Per-Request Data'!$E$17 -> 1.933 | C2: ='Per-Request Data'!$E$32 -> 2.204 | D2: ='Per-Request Data'!$E$47 -> 7.763 | N2: =0.5+(MOD(ROW()*997,61)/61-0.5)*0.72 -> 0.6357377 | O2: ='Per-Request Data'!E2 -> 1.832 | P2: =1.5+(MOD(ROW()*1361,61)/61-0.5)*0.72 -> 1.5885246 | Q2: ='Per-Request Data'!E17 -> 1.933 | R2: =2.5+(MOD(ROW()*1777,61)/61-0.5)*0.72 -> 2.3288525 | S2: ='Per-Request Data'!E32 -> 2.204 | T2: =3.5+(MOD(ROW()*2113,61)/61-0.5)*0.72 -> 3.3406557 | U2: ='Per-Request Data'!E47 -> 7.763 | Z2: 0.5 | AA2: =C40 -> 1.211 | AC2: 0.18 | AD2: =D40 -> 1.687 | AF2: 0.18 | AG2: =E40 -> 2.08
A3: ='Per-Request Data'!$E$3 -> 1.66 | B3: ='Per-Request Data'!$E$18 -> 2.678 | C3: ='Per-Request Data'!$E$33 -> 3.239 | D3: ='Per-Request Data'!$E$48 -> 7.047 | N3: =0.5+(MOD(ROW()*997,61)/61-0.5)*0.72 -> 0.16360656 | O3: ='Per-Request Data'!E3 -> 1.66 | P3: =1.5+(MOD(ROW()*1361,61)/61-0.5)*0.72 -> 1.8127869 | Q3: ='Per-Request Data'!E18 -> 2.678 | R3: =2.5+(MOD(ROW()*1777,61)/61-0.5)*0.72 -> 2.4232787 | S3: ='Per-Request Data'!E33 -> 3.239 | T3: =3.5+(MOD(ROW()*2113,61)/61-0.5)*0.72 -> 3.8009836 | U3: ='Per-Request Data'!E48 -> 7.047 | Z3: 0.5 | AA3: =D40 -> 1.687 | AC3: 0.82 | AD3: =D40 -> 1.687 | AF3: 0.82 | AG3: =E40 -> 2.08
A4: ='Per-Request Data'!$E$4 -> 2.65 | B4: ='Per-Request Data'!$E$19 -> 3.438 | C4: ='Per-Request Data'!$E$34 -> 4.095 | D4: ='Per-Request Data'!$E$49 -> 10.15 | N4: =0.5+(MOD(ROW()*997,61)/61-0.5)*0.72 -> 0.41147541 | O4: ='Per-Request Data'!E4 -> 2.65 | P4: =1.5+(MOD(ROW()*1361,61)/61-0.5)*0.72 -> 1.3170492 | Q4: ='Per-Request Data'!E19 -> 3.438 | R4: =2.5+(MOD(ROW()*1777,61)/61-0.5)*0.72 -> 2.5177049 | S4: ='Per-Request Data'!E34 -> 4.095 | T4: =3.5+(MOD(ROW()*2113,61)/61-0.5)*0.72 -> 3.5413115 | U4: ='Per-Request Data'!E49 -> 10.15 | Z4: =NA() -> #N/A | AA4: =NA() -> #N/A | AC4: 0.82 | AD4: =F40 -> 2.405
A5: ='Per-Request Data'!$E$5 -> 1.211 | B5: ='Per-Request Data'!$E$20 -> 3.177 | C5: ='Per-Request Data'!$E$35 -> 3.807 | D5: ='Per-Request Data'!$E$50 -> 7.352 | N5: =0.5+(MOD(ROW()*997,61)/61-0.5)*0.72 -> 0.65934426 | O5: ='Per-Request Data'!E5 -> 1.211 | P5: =1.5+(MOD(ROW()*1361,61)/61-0.5)*0.72 -> 1.5413115 | Q5: ='Per-Request Data'!E20 -> 3.177 | R5: =2.5+(MOD(ROW()*1777,61)/61-0.5)*0.72 -> 2.6121311 | S5: ='Per-Request Data'!E35 -> 3.807 | T5: =3.5+(MOD(ROW()*2113,61)/61-0.5)*0.72 -> 3.2816393 | U5: ='Per-Request Data'!E50 -> 7.352 | Z5: 0.5 | AA5: =F40 -> 2.405 | AC5: 0.18 | AD5: =F40 -> 2.405 | AF5: 1.18 | AG5: =E41 -> 3.177
A6: ='Per-Request Data'!$E$6 -> 2.941 | B6: ='Per-Request Data'!$E$21 -> 3.251 | C6: ='Per-Request Data'!$E$36 -> 3.813 | D6: ='Per-Request Data'!$E$51 -> 10.183 | N6: =0.5+(MOD(ROW()*997,61)/61-0.5)*0.72 -> 0.18721311 | O6: ='Per-Request Data'!E6 -> 2.941 | P6: =1.5+(MOD(ROW()*1361,61)/61-0.5)*0.72 -> 1.7655738 | Q6: ='Per-Request Data'!E21 -> 3.251 | R6: =2.5+(MOD(ROW()*1777,61)/61-0.5)*0.72 -> 2.7065574 | S6: ='Per-Request Data'!E36 -> 3.813 | T6: =3.5+(MOD(ROW()*2113,61)/61-0.5)*0.72 -> 3.7419672 | U6: ='Per-Request Data'!E51 -> 10.183 | Z6: 0.5 | AA6: =G40 -> 4.665 | AC6: 0.18 | AD6: =D40 -> 1.687 | AF6: 1.82 | AG6: =E41 -> 3.177
A7: ='Per-Request Data'!$E$7 -> 2.141 | B7: ='Per-Request Data'!$E$22 -> 2.988 | C7: ='Per-Request Data'!$E$37 -> 3.515 | D7: ='Per-Request Data'!$E$52 -> 13.575 | N7: =0.5+(MOD(ROW()*997,61)/61-0.5)*0.72 -> 0.43508197 | O7: ='Per-Request Data'!E7 -> 2.141 | P7: =1.5+(MOD(ROW()*1361,61)/61-0.5)*0.72 -> 1.2698361 | Q7: ='Per-Request Data'!E22 -> 2.988 | R7: =2.5+(MOD(ROW()*1777,61)/61-0.5)*0.72 -> 2.8009836 | S7: ='Per-Request Data'!E37 -> 3.515 | T7: =3.5+(MOD(ROW()*2113,61)/61-0.5)*0.72 -> 3.4822951 | U7: ='Per-Request Data'!E52 -> 13.575 | Z7: =NA() -> #N/A | AA7: =NA() -> #N/A
A8: ='Per-Request Data'!$E$8 -> 2.366 | B8: ='Per-Request Data'!$E$23 -> 2.359 | C8: ='Per-Request Data'!$E$38 -> 3.459 | D8: ='Per-Request Data'!$E$53 -> 8.3 | N8: =0.5+(MOD(ROW()*997,61)/61-0.5)*0.72 -> 0.68295082 | O8: ='Per-Request Data'!E8 -> 2.366 | P8: =1.5+(MOD(ROW()*1361,61)/61-0.5)*0.72 -> 1.4940984 | Q8: ='Per-Request Data'!E23 -> 2.359 | R8: =2.5+(MOD(ROW()*1777,61)/61-0.5)*0.72 -> 2.1754098 | S8: ='Per-Request Data'!E38 -> 3.459 | T8: =3.5+(MOD(ROW()*2113,61)/61-0.5)*0.72 -> 3.222623 | U8: ='Per-Request Data'!E53 -> 8.3 | Z8: 1.5 | AA8: =C41 -> 1.738 | AC8: 1.18 | AD8: =D41 -> 2.606 | AF8: 2.18 | AG8: =E42 -> 3.524
A9: ='Per-Request Data'!$E$9 -> 1.444 | B9: ='Per-Request Data'!$E$24 -> 1.738 | C9: ='Per-Request Data'!$E$39 -> 3.524 | D9: ='Per-Request Data'!$E$54 -> 7.495 | N9: =0.5+(MOD(ROW()*997,61)/61-0.5)*0.72 -> 0.21081967 | O9: ='Per-Request Data'!E9 -> 1.444 | P9: =1.5+(MOD(ROW()*1361,61)/61-0.5)*0.72 -> 1.7183607 | Q9: ='Per-Request Data'!E24 -> 1.738 | R9: =2.5+(MOD(ROW()*1777,61)/61-0.5)*0.72 -> 2.2698361 | S9: ='Per-Request Data'!E39 -> 3.524 | T9: =3.5+(MOD(ROW()*2113,61)/61-0.5)*0.72 -> 3.6829508 | U9: ='Per-Request Data'!E54 -> 7.495 | Z9: 1.5 | AA9: =D41 -> 2.606 | AC9: 1.82 | AD9: =D41 -> 2.606 | AF9: 2.82 | AG9: =E42 -> 3.524
A10: ='Per-Request Data'!$E$10 -> 2.08 | B10: ='Per-Request Data'!$E$25 -> 7.521 | C10: ='Per-Request Data'!$E$40 -> 4.2 | D10: ='Per-Request Data'!$E$55 -> 12.746 | N10: =0.5+(MOD(ROW()*997,61)/61-0.5)*0.72 -> 0.45868852 | O10: ='Per-Request Data'!E10 -> 2.08 | P10: =1.5+(MOD(ROW()*1361,61)/61-0.5)*0.72 -> 1.222623 | Q10: ='Per-Request Data'!E25 -> 7.521 | R10: =2.5+(MOD(ROW()*1777,61)/61-0.5)*0.72 -> 2.3642623 | S10: ='Per-Request Data'!E40 -> 4.2 | T10: =3.5+(MOD(ROW()*2113,61)/61-0.5)*0.72 -> 3.4232787 | U10: ='Per-Request Data'!E55 -> 12.746 | Z10: =NA() -> #N/A | AA10: =NA() -> #N/A | AC10: 1.82 | AD10: =F41 -> 3.647
A11: ='Per-Request Data'!$E$11 -> 2.172 | B11: ='Per-Request Data'!$E$26 -> 4.795 | C11: ='Per-Request Data'!$E$41 -> 3.239 | D11: ='Per-Request Data'!$E$56 -> 6.899 | N11: =0.5+(MOD(ROW()*997,61)/61-0.5)*0.72 -> 0.70655738 | O11: ='Per-Request Data'!E11 -> 2.172 | P11: =1.5+(MOD(ROW()*1361,61)/61-0.5)*0.72 -> 1.4468852 | Q11: ='Per-Request Data'!E26 -> 4.795 | R11: =2.5+(MOD(ROW()*1777,61)/61-0.5)*0.72 -> 2.4586885 | S11: ='Per-Request Data'!E41 -> 3.239 | T11: =3.5+(MOD(ROW()*2113,61)/61-0.5)*0.72 -> 3.1636066 | U11: ='Per-Request Data'!E56 -> 6.899 | Z11: 1.5 | AA11: =F41 -> 3.647 | AC11: 1.18 | AD11: =F41 -> 3.647 | AF11: 3.18 | AG11: =E43 -> 7.763
A12: ='Per-Request Data'!$E$12 -> 1.983 | B12: ='Per-Request Data'!$E$27 -> 2.534 | C12: ='Per-Request Data'!$E$42 -> 3.35 | D12: ='Per-Request Data'!$E$57 -> 6.296 | N12: =0.5+(MOD(ROW()*997,61)/61-0.5)*0.72 -> 0.23442623 | O12: ='Per-Request Data'!E12 -> 1.983 | P12: =1.5+(MOD(ROW()*1361,61)/61-0.5)*0.72 -> 1.6711475 | Q12: ='Per-Request Data'!E27 -> 2.534 | R12: =2.5+(MOD(ROW()*1777,61)/61-0.5)*0.72 -> 2.5531148 | S12: ='Per-Request Data'!E42 -> 3.35 | T12: =3.5+(MOD(ROW()*2113,61)/61-0.5)*0.72 -> 3.6239344 | U12: ='Per-Request Data'!E57 -> 6.296 | Z12: 1.5 | AA12: =G41 -> 7.521 | AC12: 1.18 | AD12: =D41 -> 2.606 | AF12: 3.82 | AG12: =E43 -> 7.763
A13: ='Per-Request Data'!$E$13 -> 4.665 | B13: ='Per-Request Data'!$E$28 -> 4.901 | C13: ='Per-Request Data'!$E$43 -> 4.496 | D13: ='Per-Request Data'!$E$58 -> 5.488 | N13: =0.5+(MOD(ROW()*997,61)/61-0.5)*0.72 -> 0.48229508 | O13: ='Per-Request Data'!E13 -> 4.665 | P13: =1.5+(MOD(ROW()*1361,61)/61-0.5)*0.72 -> 1.1754098 | Q13: ='Per-Request Data'!E28 -> 4.901 | R13: =2.5+(MOD(ROW()*1777,61)/61-0.5)*0.72 -> 2.647541 | S13: ='Per-Request Data'!E43 -> 4.496 | T13: =3.5+(MOD(ROW()*2113,61)/61-0.5)*0.72 -> 3.3642623 | U13: ='Per-Request Data'!E58 -> 5.488 | Z13: =NA() -> #N/A | AA13: =NA() -> #N/A
A14: ='Per-Request Data'!$E$14 -> 1.683 | B14: ='Per-Request Data'!$E$29 -> 3.255 | C14: ='Per-Request Data'!$E$44 -> 3.374 | D14: ='Per-Request Data'!$E$59 -> 7.164 | N14: =0.5+(MOD(ROW()*997,61)/61-0.5)*0.72 -> 0.73016393 | O14: ='Per-Request Data'!E14 -> 1.683 | P14: =1.5+(MOD(ROW()*1361,61)/61-0.5)*0.72 -> 1.3996721 | Q14: ='Per-Request Data'!E29 -> 3.255 | R14: =2.5+(MOD(ROW()*1777,61)/61-0.5)*0.72 -> 2.7419672 | S14: ='Per-Request Data'!E44 -> 3.374 | T14: =3.5+(MOD(ROW()*2113,61)/61-0.5)*0.72 -> 3.8245902 | U14: ='Per-Request Data'!E59 -> 7.164 | Z14: 2.5 | AA14: =C42 -> 2.204 | AC14: 2.18 | AD14: =D42 -> 3.362
A15: ='Per-Request Data'!$E$15 -> 2.444 | B15: ='Per-Request Data'!$E$30 -> 3.061 | C15: ='Per-Request Data'!$E$45 -> 3.963 | D15: ='Per-Request Data'!$E$60 -> 8.273 | N15: =0.5+(MOD(ROW()*997,61)/61-0.5)*0.72 -> 0.25803279 | O15: ='Per-Request Data'!E15 -> 2.444 | P15: =1.5+(MOD(ROW()*1361,61)/61-0.5)*0.72 -> 1.6239344 | Q15: ='Per-Request Data'!E30 -> 3.061 | R15: =2.5+(MOD(ROW()*1777,61)/61-0.5)*0.72 -> 2.8363934 | S15: ='Per-Request Data'!E45 -> 3.963 | T15: =3.5+(MOD(ROW()*2113,61)/61-0.5)*0.72 -> 3.564918 | U15: ='Per-Request Data'!E60 -> 8.273 | Z15: 2.5 | AA15: =D42 -> 3.362 | AC15: 2.82 | AD15: =D42 -> 3.362
A16: ='Per-Request Data'!$E$16 -> 1.691 | B16: ='Per-Request Data'!$E$31 -> 3.856 | C16: ='Per-Request Data'!$E$46 -> 3.683 | D16: ='Per-Request Data'!$E$61 -> 8.845 | N16: =0.5+(MOD(ROW()*997,61)/61-0.5)*0.72 -> 0.50590164 | O16: ='Per-Request Data'!E16 -> 1.691 | P16: =1.5+(MOD(ROW()*1361,61)/61-0.5)*0.72 -> 1.8481967 | Q16: ='Per-Request Data'!E31 -> 3.856 | R16: =2.5+(MOD(ROW()*1777,61)/61-0.5)*0.72 -> 2.2108197 | S16: ='Per-Request Data'!E46 -> 3.683 | T16: =3.5+(MOD(ROW()*2113,61)/61-0.5)*0.72 -> 3.3052459 | U16: ='Per-Request Data'!E61 -> 8.845 | Z16: =NA() -> #N/A | AA16: =NA() -> #N/A | AC16: 2.82 | AD16: =F42 -> 3.888
Z17: 2.5 | AA17: =F42 -> 3.888 | AC17: 2.18 | AD17: =F42 -> 3.888
Z18: 2.5 | AA18: =G42 -> 4.496 | AC18: 2.18 | AD18: =D42 -> 3.362
N19: Group | O19: base(Q1) | P19: lowBox | Q19: medBand | R19: highBox | S19: errDown | T19: errUp | W19: meanX | X19: meanY | Z19: =NA() -> #N/A | AA19: =NA() -> #N/A
N20: =A40 -> English – Claude Haiku 4.5 | O20: =D40 -> 1.687 | P20: =E40-D40-0.025 -> 0.368 | Q20: 0.05 | R20: =F40-E40-0.025 -> 0.3 | S20: =D40-C40 -> 0.476 | T20: =G40-F40 -> 2.26 | W20: 0.5 | X20: =H40 -> 2.1975333 | Z20: 3.5 | AA20: =C43 -> 5.488 | AC20: 3.18 | AD20: =D43 -> 7.1055
N21: =A41 -> Welsh – Claude Haiku 4.5 | O21: =D41 -> 2.606 | P21: =E41-D41-0.025 -> 0.546 | Q21: 0.05 | R21: =F41-E41-0.025 -> 0.445 | S21: =D41-C41 -> 0.868 | T21: =G41-F41 -> 3.874 | W21: 1.5 | X21: =H41 -> 3.4323333 | Z21: 3.5 | AA21: =D43 -> 7.1055 | AC21: 3.82 | AD21: =D43 -> 7.1055
N22: =A42 -> English – Llama 3.1 8B (local) | O22: =D42 -> 3.362 | P22: =E42-D42-0.025 -> 0.137 | Q22: 0.05 | R22: =F42-E42-0.025 -> 0.339 | S22: =D42-C42 -> 1.158 | T22: =G42-F42 -> 0.608 | W22: 2.5 | X22: =H42 -> 3.5974 | Z22: =NA() -> #N/A | AA22: =NA() -> #N/A | AC22: 3.82 | AD22: =F43 -> 9.4975
N23: =A43 -> Welsh – Llama 3.1 8B (local) | O23: =D43 -> 7.1055 | P23: =E43-D43-0.025 -> 0.6325 | Q23: 0.05 | R23: =F43-E43-0.025 -> 1.7095 | S23: =D43-C43 -> 1.6175 | T23: =G43-F43 -> 4.0775 | W23: 3.5 | X23: =H43 -> 8.5050667 | Z23: 3.5 | AA23: =F43 -> 9.4975 | AC23: 3.18 | AD23: =F43 -> 9.4975
Z24: 3.5 | AA24: =G43 -> 13.575 | AC24: 3.18 | AD24: =D43 -> 7.1055
Z25: =NA() -> #N/A | AA25: =NA() -> #N/A
W26: 0 | X26: 8
W27: 4 | X27: 8
A38: How to read the box plot — five-number summary per group
A39: Group | B39: n | C39: Min (s) | D39: Q1 (s) | E39: Median (s) | F39: Q3 (s) | G39: Max (s) | H39: Mean (s) | I39: 95th pct (s) | J39: IQR (s) | K39: Mean < 8s (N1)
A40: =Summary!B2&" – "&Summary!A2 -> English – Claude Haiku 4.5 | B40: =Summary!C2 -> 15 | C40: =Summary!G2 -> 1.211 | D40: =_xlfn.QUARTILE.INC('Per-Request Data'!$E$2:$E$16,1) -> 1.687 | E40: =Summary!E2 -> 2.08 | F40: =_xlfn.QUARTILE.INC('Per-Request Data'!$E$2:$E$16,3) -> 2.405 | G40: =Summary!H2 -> 4.665 | H40: =Summary!D2 -> 2.1975333 | I40: =Summary!F2 -> 3.4582 | J40: =F40-D40 -> 0.718 | K40: =Summary!I2 -> Met
A41: =Summary!B3&" – "&Summary!A3 -> Welsh – Claude Haiku 4.5 | B41: =Summary!C3 -> 15 | C41: =Summary!G3 -> 1.738 | D41: =_xlfn.QUARTILE.INC('Per-Request Data'!$E$17:$E$31,1) -> 2.606 | E41: =Summary!E3 -> 3.177 | F41: =_xlfn.QUARTILE.INC('Per-Request Data'!$E$17:$E$31,3) -> 3.647 | G41: =Summary!H3 -> 7.521 | H41: =Summary!D3 -> 3.4323333 | I41: =Summary!F3 -> 5.687 | J41: =F41-D41 -> 1.041 | K41: =Summary!I3 -> Met
A42: =Summary!B4&" – "&Summary!A4 -> English – Llama 3.1 8B (local) | B42: =Summary!C4 -> 15 | C42: =Summary!G4 -> 2.204 | D42: =_xlfn.QUARTILE.INC('Per-Request Data'!$E$32:$E$46,1) -> 3.362 | E42: =Summary!E4 -> 3.524 | F42: =_xlfn.QUARTILE.INC('Per-Request Data'!$E$32:$E$46,3) -> 3.888 | G42: =Summary!H4 -> 4.496 | H42: =Summary!D4 -> 3.5974 | I42: =Summary!F4 -> 4.2888 | J42: =F42-D42 -> 0.526 | K42: =Summary!I4 -> Met
A43: =Summary!B5&" – "&Summary!A5 -> Welsh – Llama 3.1 8B (local) | B43: =Summary!C5 -> 15 | C43: =Summary!G5 -> 5.488 | D43: =_xlfn.QUARTILE.INC('Per-Request Data'!$E$47:$E$61,1) -> 7.1055 | E43: =Summary!E5 -> 7.763 | F43: =_xlfn.QUARTILE.INC('Per-Request Data'!$E$47:$E$61,3) -> 9.4975 | G43: =Summary!H5 -> 13.575 | H43: =Summary!D5 -> 8.5050667 | I43: =Summary!F5 -> 12.9947 | J43: =F43-D43 -> 2.392 | K43: =Summary!I5 -> Not met
A45: Reading the chart
A46: Box = middle 50% of requests (Q1 to Q3, the interquartile range). Line inside box = median (Q2). × = mean.
A47: Whiskers = min and max of the non-outlier range. Individual dots = every one of the 15 requests in that group.
A48: Isolated dots beyond the whiskers = outliers. Quartiles use the inclusive method (QUARTILE.INC).
A49: N1 requirement: group mean response time under 8 seconds. Welsh – Llama 3.1 8B is the only group that fails.
